dataset,fold,target,num_features,Model Name,Model Parameters,Val RMS Model,Val RMS Current,Val RMS Compared,Test RMS Model,Test RMS Current,Test RMS Compared
tmp2022_clean_clf,0,az,2,XGB_ds1_tp0_k2_az,"{'colsample_bytree': 0.5398965788102682, 'learning_rate': 0.007655285511016701, 'max_depth': 5, 'min_child_weight': 4.0, 'n_estimators': 85, 'subsample': 0.8373089947745816}",2.7904145174739114,2.773451456092242,1.0061162279745002,2.6406272774357427,2.6294023495403143,1.004269003523706
tmp2022_clean_clf,0,az,5,XGB_ds1_tp0_k5_az,"{'colsample_bytree': 0.8264960670190525, 'learning_rate': 0.01256690322379607, 'max_depth': 1, 'min_child_weight': 9.0, 'n_estimators': 63, 'subsample': 0.7411071726907273}",2.7920988535702915,2.773451456092242,1.0067235348349395,2.6677581431092774,2.6294023495403143,1.0145872667892264
tmp2022_clean_clf,0,az,10,XGB_ds1_tp0_k10_az,"{'colsample_bytree': 0.8850463424517898, 'learning_rate': 0.32629695197332415, 'max_depth': 1, 'min_child_weight': 4.0, 'n_estimators': 497, 'subsample': 0.9128970094463874}",2.610482970408466,2.773451456092242,0.9412398276069356,3.6726643027970285,2.6294023495403143,1.3967677116585457
tmp2022_clean_clf,0,az,20,XGB_ds1_tp0_k20_az,"{'colsample_bytree': 0.9240983481592497, 'learning_rate': 0.9960726381158362, 'max_depth': 1, 'min_child_weight': 5.0, 'n_estimators': 98, 'subsample': 0.9208261626140455}",2.885353780969534,2.773451456092242,1.0403476774873721,3.9132419988968747,2.6294023495403143,1.4882629125135634
tmp2022_clean_clf,0,az,30,XGB_ds1_tp0_k30_az,"{'colsample_bytree': 0.9409943631045585, 'learning_rate': 0.5506674572332863, 'max_depth': 1, 'min_child_weight': 10.0, 'n_estimators': 224, 'subsample': 0.9757015258802798}",2.4693257881634434,2.773451456092242,0.890343972936412,3.8868298000582384,2.6294023495403143,1.4782179687097923
tmp2022_clean_clf,0,az,40,XGB_ds1_tp0_k40_az,"{'colsample_bytree': 0.629764719523531, 'learning_rate': 0.06631118120690237, 'max_depth': 3, 'min_child_weight': 3.0, 'n_estimators': 334, 'subsample': 0.8651437372046215}",2.557080852263402,2.773451456092242,0.9219850762653321,3.1199442214948867,2.6294023495403143,1.1865602166364275
tmp2022_clean_clf,0,az,50,XGB_ds1_tp0_k50_az,"{'colsample_bytree': 0.9930130891587695, 'learning_rate': 0.04547695932126142, 'max_depth': 5, 'min_child_weight': 8.0, 'n_estimators': 442, 'subsample': 0.977425344690386}",2.524462731876137,2.773451456092242,0.9102242357012705,3.176400063583338,2.6294023495403143,1.208031195430647
tmp2022_clean_clf,0,el,2,XGB_ds1_tp0_k2_el,"{'colsample_bytree': 0.7493633087178173, 'learning_rate': 0.4516038080496197, 'max_depth': 1, 'min_child_weight': 2.0, 'n_estimators': 155, 'subsample': 0.7519633023280962}",2.073973432098102,2.41969692059914,0.8571211602751332,2.3380636039807356,2.2292225071276905,1.0488246895520918
tmp2022_clean_clf,0,el,5,XGB_ds1_tp0_k5_el,"{'colsample_bytree': 0.8924710821037508, 'learning_rate': 0.16650378787767092, 'max_depth': 1, 'min_child_weight': 6.0, 'n_estimators': 351, 'subsample': 0.6380701089457814}",2.0177691331230907,2.41969692059914,0.8338933343038151,2.4171238306260108,2.2292225071276905,1.0842900710438401
tmp2022_clean_clf,0,el,10,XGB_ds1_tp0_k10_el,"{'colsample_bytree': 0.6821850934723519, 'learning_rate': 0.44555205474237425, 'max_depth': 1, 'min_child_weight': 6.0, 'n_estimators': 95, 'subsample': 0.7146195010822637}",2.058538917476835,2.41969692059914,0.8507424628069209,2.4748299707901933,2.2292225071276905,1.110176289211687
tmp2022_clean_clf,0,el,20,XGB_ds1_tp0_k20_el,"{'colsample_bytree': 0.7328911066101524, 'learning_rate': 0.48856939427727497, 'max_depth': 1, 'min_child_weight': 4.0, 'n_estimators': 45, 'subsample': 0.9176280085177277}",2.041742552479611,2.41969692059914,0.843800946762397,2.210927335190304,2.2292225071276905,0.9917930256495752
tmp2022_clean_clf,0,el,30,XGB_ds1_tp0_k30_el,"{'colsample_bytree': 0.7495530530062471, 'learning_rate': 0.10033786832347354, 'max_depth': 1, 'min_child_weight': 1.0, 'n_estimators': 299, 'subsample': 0.9987345753623434}",2.050501559194395,2.41969692059914,0.8474208243760839,2.247346911168129,2.2292225071276905,1.0081303701099766
tmp2022_clean_clf,0,el,40,XGB_ds1_tp0_k40_el,"{'colsample_bytree': 0.8693267103483762, 'learning_rate': 0.11485522146627304, 'max_depth': 1, 'min_child_weight': 3.0, 'n_estimators': 239, 'subsample': 0.8554858523686901}",2.0692028909779783,2.41969692059914,0.8551496153764678,2.3324245455018815,2.2292225071276905,1.0462950818252614
tmp2022_clean_clf,0,el,50,XGB_ds1_tp0_k50_el,"{'colsample_bytree': 0.9407369499741002, 'learning_rate': 0.24180464455324321, 'max_depth': 2, 'min_child_weight': 5.0, 'n_estimators': 26, 'subsample': 0.9757209318086724}",2.0842752126034387,2.41969692059914,0.8613786275709903,2.1318168782169407,2.2292225071276905,0.9563051114909766
tmp2022_clean_clf,1,az,2,XGB_ds1_tp1_k2_az,"{'colsample_bytree': 0.8115912078429195, 'learning_rate': 0.03983381703382791, 'max_depth': 2, 'min_child_weight': 5.0, 'n_estimators': 20, 'subsample': 0.629640724030702}",2.7179163266186355,2.678762881291627,1.0146162415495803,2.394876167925501,2.6160482147928033,0.915455668738575
tmp2022_clean_clf,1,az,5,XGB_ds1_tp1_k5_az,"{'colsample_bytree': 0.9140468935791631, 'learning_rate': 0.08064633397978806, 'max_depth': 2, 'min_child_weight': 7.0, 'n_estimators': 20, 'subsample': 0.8503505147080634}",2.70059674217219,2.678762881291627,1.0081507254834123,2.2750888170932826,2.6160482147928033,0.869666240946356
tmp2022_clean_clf,1,az,10,XGB_ds1_tp1_k10_az,"{'colsample_bytree': 0.7780681446071447, 'learning_rate': 0.024170239584238196, 'max_depth': 3, 'min_child_weight': 9.0, 'n_estimators': 38, 'subsample': 0.6349732074060194}",2.6930732125692796,2.678762881291627,1.0053421418437576,2.2149077621316633,2.6160482147928033,0.8466616745085828
tmp2022_clean_clf,1,az,20,XGB_ds1_tp1_k20_az,"{'colsample_bytree': 0.6880971328827642, 'learning_rate': 0.04300454595239497, 'max_depth': 5, 'min_child_weight': 10.0, 'n_estimators': 22, 'subsample': 0.8240117066956294}",2.684612963499554,2.678762881291627,1.0021838745970326,2.1490269194340432,2.6160482147928033,0.8214783302853808
tmp2022_clean_clf,1,az,30,XGB_ds1_tp1_k30_az,"{'colsample_bytree': 0.8289454186425086, 'learning_rate': 0.022659182794398876, 'max_depth': 3, 'min_child_weight': 8.0, 'n_estimators': 52, 'subsample': 0.5929436658886098}",2.6969467282928545,2.678762881291627,1.0067881510260661,2.187264398349894,2.6160482147928033,0.8360948341784021
tmp2022_clean_clf,1,az,40,XGB_ds1_tp1_k40_az,"{'colsample_bytree': 0.9934341752722587, 'learning_rate': 0.011803435106321277, 'max_depth': 5, 'min_child_weight': 5.0, 'n_estimators': 196, 'subsample': 0.6655712996350692}",2.4290167622811336,2.678762881291627,0.9067681127154963,2.175696287489945,2.6160482147928033,0.8316728549524325
tmp2022_clean_clf,1,az,50,XGB_ds1_tp1_k50_az,"{'colsample_bytree': 0.9491502328629746, 'learning_rate': 0.006974222887128657, 'max_depth': 5, 'min_child_weight': 5.0, 'n_estimators': 332, 'subsample': 0.5972258253659143}",2.4468142367204173,2.678762881291627,0.9134120282944302,2.157472147835112,2.6160482147928033,0.8247065691050303
tmp2022_clean_clf,1,el,2,XGB_ds1_tp1_k2_el,"{'colsample_bytree': 0.849123642816261, 'learning_rate': 0.006808118771361394, 'max_depth': 5, 'min_child_weight': 6.0, 'n_estimators': 123, 'subsample': 0.5043353457382532}",2.68176210077964,2.7044515636871074,0.9916103275014718,1.93185009972618,2.148688990398564,0.8990831657623181
tmp2022_clean_clf,1,el,5,XGB_ds1_tp1_k5_el,"{'colsample_bytree': 0.8671955597948572, 'learning_rate': 0.017513306833458565, 'max_depth': 3, 'min_child_weight': 9.0, 'n_estimators': 127, 'subsample': 0.5156030451866253}",2.677850781433418,2.7044515636871074,0.9901640751822438,1.889321015189878,2.148688990398564,0.8792901269715282
tmp2022_clean_clf,1,el,10,XGB_ds1_tp1_k10_el,"{'colsample_bytree': 0.5868628908239689, 'learning_rate': 0.009341426308661884, 'max_depth': 3, 'min_child_weight': 2.0, 'n_estimators': 243, 'subsample': 0.5862305840695006}",2.6770741984654247,2.7044515636871074,0.9898769252926246,1.8612141163462432,2.148688990398564,0.8662091743677635
tmp2022_clean_clf,1,el,20,XGB_ds1_tp1_k20_el,"{'colsample_bytree': 0.6259264382677072, 'learning_rate': 0.015652499973998812, 'max_depth': 5, 'min_child_weight': 6.0, 'n_estimators': 184, 'subsample': 0.6544998316770567}",2.5628201483664097,2.7044515636871074,0.9476302636651385,1.9183659873554193,2.148688990398564,0.8928076589621182
tmp2022_clean_clf,1,el,30,XGB_ds1_tp1_k30_el,"{'colsample_bytree': 0.7585017474879416, 'learning_rate': 0.014599726204819943, 'max_depth': 5, 'min_child_weight': 9.0, 'n_estimators': 136, 'subsample': 0.7761324768918495}",2.560971176380918,2.7044515636871074,0.9469465864233947,1.8841518766678271,2.148688990398564,0.8768844095572588
tmp2022_clean_clf,1,el,40,XGB_ds1_tp1_k40_el,"{'colsample_bytree': 0.8543539925486185, 'learning_rate': 0.042523442279968265, 'max_depth': 5, 'min_child_weight': 10.0, 'n_estimators': 61, 'subsample': 0.5741971515374693}",2.5524973242864943,2.7044515636871074,0.94381328863829,1.8058870890385332,2.148688990398564,0.8404599721542558
tmp2022_clean_clf,1,el,50,XGB_ds1_tp1_k50_el,"{'colsample_bytree': 0.5465826298182608, 'learning_rate': 0.103312347970144, 'max_depth': 4, 'min_child_weight': 2.0, 'n_estimators': 72, 'subsample': 0.8049103415215326}",2.5611493732874226,2.7044515636871074,0.9470124766426529,1.8600145480373684,2.148688990398564,0.8656508951964943
tmp2022_clean_clf,2,az,2,XGB_ds1_tp2_k2_az,"{'colsample_bytree': 0.7550972166897267, 'learning_rate': 0.012233534090251403, 'max_depth': 5, 'min_child_weight': 6.0, 'n_estimators': 265, 'subsample': 0.5153224308568009}",2.643910696777232,2.748064135615776,0.9620993420463946,3.558776569965017,3.5063219194277715,1.0149600212823031
tmp2022_clean_clf,2,az,5,XGB_ds1_tp2_k5_az,"{'colsample_bytree': 0.8251852471733427, 'learning_rate': 0.021314356854108995, 'max_depth': 5, 'min_child_weight': 6.0, 'n_estimators': 217, 'subsample': 0.842017129532695}",2.613039182955737,2.748064135615776,0.9508654288995395,3.5023933630544173,3.5063219194277715,0.9988795790963781
tmp2022_clean_clf,2,az,10,XGB_ds1_tp2_k10_az,"{'colsample_bytree': 0.8874373722189497, 'learning_rate': 0.014451161690026493, 'max_depth': 5, 'min_child_weight': 6.0, 'n_estimators': 225, 'subsample': 0.5365456810589002}",2.606630143825813,2.748064135615776,0.9485332274611303,3.52636182240596,3.5063219194277715,1.005715363118016
tmp2022_clean_clf,2,az,20,XGB_ds1_tp2_k20_az,"{'colsample_bytree': 0.5829830482978007, 'learning_rate': 0.03781001219902512, 'max_depth': 5, 'min_child_weight': 9.0, 'n_estimators': 218, 'subsample': 0.7045087592871471}",2.621237410765696,2.748064135615776,0.9538487027262699,3.5787991452465913,3.5063219194277715,1.0206704425561268
tmp2022_clean_clf,2,az,30,XGB_ds1_tp2_k30_az,"{'colsample_bytree': 0.783163735546935, 'learning_rate': 0.03987889942965861, 'max_depth': 5, 'min_child_weight': 9.0, 'n_estimators': 127, 'subsample': 0.8324540527262613}",2.6982412968198086,2.748064135615776,0.9818698413365804,3.5180221267607243,3.5063219194277715,1.003336889082581
tmp2022_clean_clf,2,az,40,XGB_ds1_tp2_k40_az,"{'colsample_bytree': 0.5684014539219331, 'learning_rate': 0.05999603693531367, 'max_depth': 3, 'min_child_weight': 7.0, 'n_estimators': 35, 'subsample': 0.9351958027843549}",2.7384853733521,2.748064135615776,0.996514360003636,3.49451005914582,3.5063219194277715,0.9966312675922582
tmp2022_clean_clf,2,az,50,XGB_ds1_tp2_k50_az,"{'colsample_bytree': 0.6896781138664311, 'learning_rate': 0.010556043650204341, 'max_depth': 5, 'min_child_weight': 10.0, 'n_estimators': 179, 'subsample': 0.9988583573473782}",2.6260376110036203,2.748064135615776,0.9555954597162951,3.3729483418604476,3.5063219194277715,0.9619619702263132
tmp2022_clean_clf,2,el,2,XGB_ds1_tp2_k2_el,"{'colsample_bytree': 0.6914532826132291, 'learning_rate': 0.008602731055957172, 'max_depth': 4, 'min_child_weight': 4.0, 'n_estimators': 67, 'subsample': 0.9998319492001723}",2.7947828632422453,2.7811865752319553,1.0048886644755777,2.2827064695001753,2.2321543906219534,1.022647214319318
tmp2022_clean_clf,2,el,5,XGB_ds1_tp2_k5_el,"{'colsample_bytree': 0.6084484764677145, 'learning_rate': 0.043064515978390304, 'max_depth': 5, 'min_child_weight': 8.0, 'n_estimators': 41, 'subsample': 0.6012472156720506}",2.7821019131207825,2.7811865752319553,1.000329117757499,2.2906251967779867,2.2321543906219534,1.0261947858094804
tmp2022_clean_clf,2,el,10,XGB_ds1_tp2_k10_el,"{'colsample_bytree': 0.7591110432162463, 'learning_rate': 0.015154194760819764, 'max_depth': 4, 'min_child_weight': 6.0, 'n_estimators': 78, 'subsample': 0.9293282846908674}",2.681954430878691,2.7811865752319553,0.9643202130928638,2.1994894797123226,2.2321543906219534,0.9853661955253331
tmp2022_clean_clf,2,el,20,XGB_ds1_tp2_k20_el,"{'colsample_bytree': 0.9235064363816885, 'learning_rate': 0.006766499656641792, 'max_depth': 5, 'min_child_weight': 6.0, 'n_estimators': 88, 'subsample': 0.6113331723458322}",2.689146528538862,2.7811865752319553,0.9669061948188726,2.1614544087259917,2.2321543906219534,0.9683265717671696
tmp2022_clean_clf,2,el,30,XGB_ds1_tp2_k30_el,"{'colsample_bytree': 0.6596891240706279, 'learning_rate': 0.010357659650300955, 'max_depth': 3, 'min_child_weight': 4.0, 'n_estimators': 93, 'subsample': 0.7608608225210299}",2.7258056956334724,2.7811865752319553,0.9800873195305626,2.2743909870286485,2.2321543906219534,1.0189218974207812
tmp2022_clean_clf,2,el,40,XGB_ds1_tp2_k40_el,"{'colsample_bytree': 0.8096892317129981, 'learning_rate': 0.01630616636580211, 'max_depth': 3, 'min_child_weight': 5.0, 'n_estimators': 54, 'subsample': 0.9988233343981678}",2.6664303186224365,2.7811865752319553,0.9587383825193576,2.277967588905414,2.2321543906219534,1.020524206782442
tmp2022_clean_clf,2,el,50,XGB_ds1_tp2_k50_el,"{'colsample_bytree': 0.9725132614180201, 'learning_rate': 0.030607838476141236, 'max_depth': 4, 'min_child_weight': 10.0, 'n_estimators': 33, 'subsample': 0.6564702053666959}",2.7470035218433364,2.7811865752319553,0.9877091836653324,2.1170394036285396,2.2321543906219534,0.9484287522955172
tmp2022_clean_clf,3,az,2,XGB_ds1_tp3_k2_az,"{'colsample_bytree': 0.6624831515597513, 'learning_rate': 0.037226206603972564, 'max_depth': 4, 'min_child_weight': 6.0, 'n_estimators': 35, 'subsample': 0.6023538811665275}",2.550527008025543,2.58190128027365,0.9878483842555044,3.425052343557483,3.3393057486532225,1.0256779706197443
tmp2022_clean_clf,3,az,5,XGB_ds1_tp3_k5_az,"{'colsample_bytree': 0.9628388891264147, 'learning_rate': 0.23043913879283232, 'max_depth': 1, 'min_child_weight': 1.0, 'n_estimators': 76, 'subsample': 0.925118713244266}",2.381777316992602,2.58190128027365,0.9224896920691572,3.288621307318304,3.3393057486532225,0.9848218626415506
tmp2022_clean_clf,3,az,10,XGB_ds1_tp3_k10_az,"{'colsample_bytree': 0.6432225259988814, 'learning_rate': 0.1877132158596356, 'max_depth': 1, 'min_child_weight': 6.0, 'n_estimators': 345, 'subsample': 0.8390916428030215}",2.174706911440821,2.58190128027365,0.8422889473180512,3.422161240720608,3.3393057486532225,1.024812191007308
tmp2022_clean_clf,3,az,20,XGB_ds1_tp3_k20_az,"{'colsample_bytree': 0.6993805086922734, 'learning_rate': 0.07592941833812922, 'max_depth': 1, 'min_child_weight': 8.0, 'n_estimators': 494, 'subsample': 0.7568217078649282}",2.142180003712515,2.58190128027365,0.8296909026225318,3.4099571350933036,3.3393057486532225,1.0211575075054375
tmp2022_clean_clf,3,az,30,XGB_ds1_tp3_k30_az,"{'colsample_bytree': 0.6394443739202224, 'learning_rate': 0.05047955519038254, 'max_depth': 1, 'min_child_weight': 10.0, 'n_estimators': 483, 'subsample': 0.8740358042467461}",2.1392813942546485,2.58190128027365,0.8285682379102856,3.2839338951210264,3.3393057486532225,0.9834181540415914
tmp2022_clean_clf,3,az,40,XGB_ds1_tp3_k40_az,"{'colsample_bytree': 0.8604036827345599, 'learning_rate': 0.040125471164496836, 'max_depth': 1, 'min_child_weight': 10.0, 'n_estimators': 497, 'subsample': 0.9249894964138362}",2.159019266174583,2.58190128027365,0.8362129422491915,3.3053540780371837,3.3393057486532225,0.9898327157883845
tmp2022_clean_clf,3,az,50,XGB_ds1_tp3_k50_az,"{'colsample_bytree': 0.6695996525017258, 'learning_rate': 0.05971827980258692, 'max_depth': 1, 'min_child_weight': 10.0, 'n_estimators': 472, 'subsample': 0.5049462385328443}",2.1170945891636923,2.58190128027365,0.819975033646254,3.3128718646260467,3.3393057486532225,0.9920840180514058
tmp2022_clean_clf,3,el,2,XGB_ds1_tp3_k2_el,"{'colsample_bytree': 0.908931866520381, 'learning_rate': 0.00677313025998573, 'max_depth': 5, 'min_child_weight': 9.0, 'n_estimators': 134, 'subsample': 0.5419625783537307}",2.3838914377810636,2.4598231288007475,0.9691312395063529,3.198466558668205,3.0700116976880856,1.0418418148298438
tmp2022_clean_clf,3,el,5,XGB_ds1_tp3_k5_el,"{'colsample_bytree': 0.6957487563727279, 'learning_rate': 0.03968036077971359, 'max_depth': 3, 'min_child_weight': 5.0, 'n_estimators': 34, 'subsample': 0.9616385353801036}",2.36245712534623,2.4598231288007475,0.9604174778607001,3.1622241835980645,3.0700116976880856,1.0300365259127255
tmp2022_clean_clf,3,el,10,XGB_ds1_tp3_k10_el,"{'colsample_bytree': 0.7690031012817004, 'learning_rate': 0.02725599025555712, 'max_depth': 3, 'min_child_weight': 1.0, 'n_estimators': 181, 'subsample': 0.5568498140045983}",2.3842288599739137,2.4598231288007475,0.9692684128619895,3.2842457050510703,3.0700116976880856,1.0697827983926955
tmp2022_clean_clf,3,el,20,XGB_ds1_tp3_k20_el,"{'colsample_bytree': 0.791410515960833, 'learning_rate': 0.008500394199701437, 'max_depth': 5, 'min_child_weight': 7.0, 'n_estimators': 319, 'subsample': 0.5579456195616128}",2.363886069413599,2.4598231288007475,0.960998391199809,3.2396122131342824,3.0700116976880856,1.055244257073651
tmp2022_clean_clf,3,el,30,XGB_ds1_tp3_k30_el,"{'colsample_bytree': 0.6309581164669729, 'learning_rate': 0.10001079091163691, 'max_depth': 5, 'min_child_weight': 3.0, 'n_estimators': 392, 'subsample': 0.737560078157023}",2.157004438160797,2.4598231288007475,0.876894120111967,3.248202753234943,3.0700116976880856,1.058042467942727
tmp2022_clean_clf,3,el,40,XGB_ds1_tp3_k40_el,"{'colsample_bytree': 0.5017912998710667, 'learning_rate': 0.19740946373338125, 'max_depth': 4, 'min_child_weight': 4.0, 'n_estimators': 418, 'subsample': 0.5419977746773366}",2.5541530553304015,2.4598231288007475,1.038348255785221,3.64437228289376,3.0700116976880856,1.187087425640171
tmp2022_clean_clf,3,el,50,XGB_ds1_tp3_k50_el,"{'colsample_bytree': 0.8962396866222766, 'learning_rate': 0.0393777809345526, 'max_depth': 4, 'min_child_weight': 3.0, 'n_estimators': 252, 'subsample': 0.5487587712239179}",2.289776930241221,2.4598231288007475,0.9308705587127193,3.1575641757676056,3.0700116976880856,1.0285186138363749
tmp2022_clean_clf,4,az,2,XGB_ds1_tp4_k2_az,"{'colsample_bytree': 0.9204383666486445, 'learning_rate': 0.2583482074957171, 'max_depth': 1, 'min_child_weight': 1.0, 'n_estimators': 156, 'subsample': 0.6027633801508872}",2.2302063830274834,2.4347439896250296,0.915992150522139,2.5575354665075087,2.552367804174947,1.002024654254026
tmp2022_clean_clf,4,az,5,XGB_ds1_tp4_k5_az,"{'colsample_bytree': 0.9743399212489477, 'learning_rate': 0.014696776159422508, 'max_depth': 3, 'min_child_weight': 2.0, 'n_estimators': 446, 'subsample': 0.9854994630000814}",2.190881874603251,2.4347439896250296,0.8998407569498362,2.450962425027232,2.552367804174947,0.960270075895079
tmp2022_clean_clf,4,az,10,XGB_ds1_tp4_k10_az,"{'colsample_bytree': 0.9856369598746845, 'learning_rate': 0.07623064929279587, 'max_depth': 3, 'min_child_weight': 5.0, 'n_estimators': 85, 'subsample': 0.9404156772516938}",2.195803866679536,2.4347439896250296,0.9018623214745907,2.484916717545168,2.552367804174947,0.9735731321640054
tmp2022_clean_clf,4,az,20,XGB_ds1_tp4_k20_az,"{'colsample_bytree': 0.5788206865406562, 'learning_rate': 0.06699374426439579, 'max_depth': 2, 'min_child_weight': 8.0, 'n_estimators': 210, 'subsample': 0.8891929015271878}",2.1392234683473315,2.4347439896250296,0.878623574989003,2.4410700846732425,2.552367804174947,0.9563943255671643
tmp2022_clean_clf,4,az,30,XGB_ds1_tp4_k30_az,"{'colsample_bytree': 0.8749396223110615, 'learning_rate': 0.09916102732382724, 'max_depth': 2, 'min_child_weight': 6.0, 'n_estimators': 251, 'subsample': 0.7915743860408064}",2.2039833723884468,2.4347439896250296,0.9052218146055997,2.4332469219547788,2.552367804174947,0.9533292646830444
tmp2022_clean_clf,4,az,40,XGB_ds1_tp4_k40_az,"{'colsample_bytree': 0.9711758754299007, 'learning_rate': 0.07063793022544872, 'max_depth': 2, 'min_child_weight': 9.0, 'n_estimators': 202, 'subsample': 0.8648059863461677}",2.1307711425240186,2.4347439896250296,0.8751520289622625,2.3782165389138203,2.552367804174947,0.9317687423512142
tmp2022_clean_clf,4,az,50,XGB_ds1_tp4_k50_az,"{'colsample_bytree': 0.5922247547853736, 'learning_rate': 0.051515602236119465, 'max_depth': 2, 'min_child_weight': 10.0, 'n_estimators': 495, 'subsample': 0.871453810134282}",2.104821319001826,2.4347439896250296,0.8644938966769914,2.444107417355033,2.552367804174947,0.9575843314420317
tmp2022_clean_clf,4,el,2,XGB_ds1_tp4_k2_el,"{'colsample_bytree': 0.8227398289495153, 'learning_rate': 0.012044491503855968, 'max_depth': 5, 'min_child_weight': 2.0, 'n_estimators': 276, 'subsample': 0.5169260979865992}",2.0869540236441004,2.3098315382394463,0.9035091906463347,2.190478726558905,2.268748857706757,0.9655007512700339
tmp2022_clean_clf,4,el,5,XGB_ds1_tp4_k5_el,"{'colsample_bytree': 0.5077342115942718, 'learning_rate': 0.04361595837137725, 'max_depth': 2, 'min_child_weight': 9.0, 'n_estimators': 340, 'subsample': 0.5030832053432753}",2.1544893131044565,2.3098315382394463,0.9327473789480805,2.1465454602700644,2.268748857706757,0.9461362164341912
tmp2022_clean_clf,4,el,10,XGB_ds1_tp4_k10_el,"{'colsample_bytree': 0.5730858590570548, 'learning_rate': 0.022048523327883894, 'max_depth': 1, 'min_child_weight': 6.0, 'n_estimators': 249, 'subsample': 0.5218911544490247}",2.19800545288919,2.3098315382394463,0.9515869086126124,2.107306623206539,2.268748857706757,0.9288408525466308
tmp2022_clean_clf,4,el,20,XGB_ds1_tp4_k20_el,"{'colsample_bytree': 0.778881279701605, 'learning_rate': 0.15997136683345334, 'max_depth': 2, 'min_child_weight': 9.0, 'n_estimators': 41, 'subsample': 0.8091776241471571}",2.2020260030282914,2.3098315382394463,0.9533275334471689,2.211346106492793,2.268748857706757,0.9746984991225576
tmp2022_clean_clf,4,el,30,XGB_ds1_tp4_k30_el,"{'colsample_bytree': 0.5446235169152337, 'learning_rate': 0.02993538483287588, 'max_depth': 3, 'min_child_weight': 5.0, 'n_estimators': 55, 'subsample': 0.556368339704373}",2.1567779214862424,2.3098315382394463,0.933738190764396,2.131237983296522,2.268748857706757,0.9393891157484788
tmp2022_clean_clf,4,el,40,XGB_ds1_tp4_k40_el,"{'colsample_bytree': 0.6180316478549528, 'learning_rate': 0.07381716489901025, 'max_depth': 2, 'min_child_weight': 9.0, 'n_estimators': 41, 'subsample': 0.6920385705973424}",2.18112738559703,2.3098315382394463,0.9442798530924403,2.1247786192706735,2.268748857706757,0.936542011714065
tmp2022_clean_clf,4,el,50,XGB_ds1_tp4_k50_el,"{'colsample_bytree': 0.8512813446940948, 'learning_rate': 0.008442788603954558, 'max_depth': 3, 'min_child_weight': 4.0, 'n_estimators': 161, 'subsample': 0.5853253806354052}",2.1629011322133604,2.3098315382394463,0.9363891246640107,2.1099682734137812,2.268748857706757,0.9300140322920225
tmp2022_clean_clf,5,az,2,XGB_ds1_tp5_k2_az,"{'colsample_bytree': 0.8739132990456236, 'learning_rate': 0.015714421996072297, 'max_depth': 2, 'min_child_weight': 4.0, 'n_estimators': 499, 'subsample': 0.8895396129221278}",2.5446481008923216,2.936624356489968,0.8665214858919987,2.871079152104643,2.207075152744775,1.3008524646449378
tmp2022_clean_clf,5,az,5,XGB_ds1_tp5_k5_az,"{'colsample_bytree': 0.6467232854464741, 'learning_rate': 0.02929038001549528, 'max_depth': 2, 'min_child_weight': 9.0, 'n_estimators': 308, 'subsample': 0.8160571231916451}",2.5246074722254535,2.936624356489968,0.8596971099303344,2.556381074795131,2.207075152744775,1.1582664376498235
tmp2022_clean_clf,5,az,10,XGB_ds1_tp5_k10_az,"{'colsample_bytree': 0.928864094882913, 'learning_rate': 0.1136615895554318, 'max_depth': 2, 'min_child_weight': 9.0, 'n_estimators': 114, 'subsample': 0.5984786672057483}",2.6021146384721265,2.936624356489968,0.8860903958388237,2.691128499600302,2.207075152744775,1.219318923623215
tmp2022_clean_clf,5,az,20,XGB_ds1_tp5_k20_az,"{'colsample_bytree': 0.8043162786190411, 'learning_rate': 0.2722365250861138, 'max_depth': 1, 'min_child_weight': 2.0, 'n_estimators': 181, 'subsample': 0.9147022486712914}",2.4870853120001333,2.936624356489968,0.8469197997706622,2.6272649052539716,2.207075152744775,1.1903830741724575
tmp2022_clean_clf,5,az,30,XGB_ds1_tp5_k30_az,"{'colsample_bytree': 0.8640783937660748, 'learning_rate': 0.23895450045102595, 'max_depth': 1, 'min_child_weight': 2.0, 'n_estimators': 173, 'subsample': 0.9024574873831698}",2.5088578481704067,2.936624356489968,0.8543339370681875,2.2068574774538856,2.207075152744775,0.9999013738654894
tmp2022_clean_clf,5,az,40,XGB_ds1_tp5_k40_az,"{'colsample_bytree': 0.6906998528681215, 'learning_rate': 0.29963211956828667, 'max_depth': 1, 'min_child_weight': 3.0, 'n_estimators': 303, 'subsample': 0.9757427434117093}",2.5814711308148492,2.936624356489968,0.8790607232790171,2.483598427915818,2.207075152744775,1.1252894695620814
tmp2022_clean_clf,5,az,50,XGB_ds1_tp5_k50_az,"{'colsample_bytree': 0.5948931646308218, 'learning_rate': 0.32836630764655506, 'max_depth': 1, 'min_child_weight': 4.0, 'n_estimators': 313, 'subsample': 0.9995128052351461}",2.4698303617726696,2.936624356489968,0.8410440226426376,2.4352275031026824,2.207075152744775,1.1033731679114647
tmp2022_clean_clf,5,el,2,XGB_ds1_tp5_k2_el,"{'colsample_bytree': 0.9755414924199647, 'learning_rate': 0.04610151320224075, 'max_depth': 1, 'min_child_weight': 2.0, 'n_estimators': 277, 'subsample': 0.7824443256150008}",1.947655487038784,2.1437334108671653,0.9085343714687614,2.8014164397914794,2.7002852750158404,1.0374520298693426
tmp2022_clean_clf,5,el,5,XGB_ds1_tp5_k5_el,"{'colsample_bytree': 0.7640416154408164, 'learning_rate': 0.03945229432531348, 'max_depth': 1, 'min_child_weight': 1.0, 'n_estimators': 297, 'subsample': 0.6958700233660685}",1.9657954831153175,2.1437334108671653,0.9169962426998468,2.709677489353226,2.7002852750158404,1.0034782304019083
tmp2022_clean_clf,5,el,10,XGB_ds1_tp5_k10_el,"{'colsample_bytree': 0.9323902451648219, 'learning_rate': 0.03970508704889878, 'max_depth': 1, 'min_child_weight': 5.0, 'n_estimators': 353, 'subsample': 0.9725690106424141}",1.9662216518040838,2.1437334108671653,0.9171950401280186,2.6881344934142954,2.7002852750158404,0.9955001859566583
tmp2022_clean_clf,5,el,20,XGB_ds1_tp5_k20_el,"{'colsample_bytree': 0.7534060161820084, 'learning_rate': 0.05771708089193018, 'max_depth': 2, 'min_child_weight': 3.0, 'n_estimators': 95, 'subsample': 0.9096037674805708}",1.9998842619282786,2.1437334108671653,0.9328978369186782,2.656019421632683,2.7002852750158404,0.9836069715327032
tmp2022_clean_clf,5,el,30,XGB_ds1_tp5_k30_el,"{'colsample_bytree': 0.8652540050863831, 'learning_rate': 0.04683051303562529, 'max_depth': 2, 'min_child_weight': 3.0, 'n_estimators': 206, 'subsample': 0.9906217940758811}",1.9884348643736016,2.1437334108671653,0.927556968741396,2.579352202582731,2.7002852750158404,0.9552147050713374
tmp2022_clean_clf,5,el,40,XGB_ds1_tp5_k40_el,"{'colsample_bytree': 0.8562453195044706, 'learning_rate': 0.3248369976072679, 'max_depth': 1, 'min_child_weight': 2.0, 'n_estimators': 46, 'subsample': 0.8568377006114568}",2.066130096268585,2.1437334108671653,0.9637999229730767,2.715116856790887,2.7002852750158404,1.005492598101495
tmp2022_clean_clf,5,el,50,XGB_ds1_tp5_k50_el,"{'colsample_bytree': 0.698941329272853, 'learning_rate': 0.20225270806170823, 'max_depth': 1, 'min_child_weight': 2.0, 'n_estimators': 118, 'subsample': 0.9906416730623032}",1.9874015673689158,2.1437334108671653,0.9270749605777654,2.6003647613276613,2.7002852750158404,0.9629963120516617
tmp2022_clean_clf_nflash230,0,az,2,XGB_ds2_tp0_k2_az,"{'colsample_bytree': 0.8814312270225063, 'learning_rate': 0.08601253698132749, 'max_depth': 2, 'min_child_weight': 10.0, 'n_estimators': 29, 'subsample': 0.801368063055951}",2.2577006115239686,2.4081890631674345,0.9375097022301347,3.4586148794049296,3.684109937748693,0.9387925273257289
tmp2022_clean_clf_nflash230,0,az,5,XGB_ds2_tp0_k5_az,"{'colsample_bytree': 0.7286311436198933, 'learning_rate': 0.01060301766826202, 'max_depth': 5, 'min_child_weight': 5.0, 'n_estimators': 360, 'subsample': 0.9958836272421304}",2.0696833050835646,2.4081890631674345,0.8594355554299208,3.149002639290557,3.684109937748693,0.8547526247859115
tmp2022_clean_clf_nflash230,0,az,10,XGB_ds2_tp0_k10_az,"{'colsample_bytree': 0.7828734601887112, 'learning_rate': 0.08354307049236147, 'max_depth': 3, 'min_child_weight': 10.0, 'n_estimators': 253, 'subsample': 0.5768416386853377}",2.0654373076278456,2.4081890631674345,0.8576724058829602,2.8621915449728883,3.684109937748693,0.7769017736538917
tmp2022_clean_clf_nflash230,0,az,20,XGB_ds2_tp0_k20_az,"{'colsample_bytree': 0.8237163447349884, 'learning_rate': 0.019772470601683356, 'max_depth': 2, 'min_child_weight': 10.0, 'n_estimators': 212, 'subsample': 0.5633989923380185}",2.195287373050668,2.4081890631674345,0.9115926181324228,3.2224596279545863,3.684109937748693,0.8746914946636433
tmp2022_clean_clf_nflash230,0,az,30,XGB_ds2_tp0_k30_az,"{'colsample_bytree': 0.7884272639152499, 'learning_rate': 0.023368683610127842, 'max_depth': 4, 'min_child_weight': 1.0, 'n_estimators': 132, 'subsample': 0.5447993073075729}",2.209172846521373,2.4081890631674345,0.9173585580592664,3.1655375577026637,3.684109937748693,0.8592407966080073
tmp2022_clean_clf_nflash230,0,az,40,XGB_ds2_tp0_k40_az,"{'colsample_bytree': 0.6760885147824515, 'learning_rate': 0.08159219326161564, 'max_depth': 4, 'min_child_weight': 10.0, 'n_estimators': 278, 'subsample': 0.5784070469776005}",2.256501576413211,2.4081890631674345,0.9370118031535645,3.084063773720829,3.684109937748693,0.8371258800179715
tmp2022_clean_clf_nflash230,0,az,50,XGB_ds2_tp0_k50_az,"{'colsample_bytree': 0.7485251684785736, 'learning_rate': 0.10125487249794973, 'max_depth': 3, 'min_child_weight': 7.0, 'n_estimators': 312, 'subsample': 0.8088733129736709}",2.3112146062044987,2.4081890631674345,0.9597313772219414,2.873200967397668,3.684109937748693,0.7798901270447537
tmp2022_clean_clf_nflash230,0,el,2,XGB_ds2_tp0_k2_el,"{'colsample_bytree': 0.7226404439572541, 'learning_rate': 0.031081408722622855, 'max_depth': 2, 'min_child_weight': 10.0, 'n_estimators': 41, 'subsample': 0.6291532653421729}",1.811923692232399,1.923207457171342,0.9421363698835592,2.1265324623594473,2.3536790811810633,0.9034929525279057
tmp2022_clean_clf_nflash230,0,el,5,XGB_ds2_tp0_k5_el,"{'colsample_bytree': 0.8281403238791526, 'learning_rate': 0.2774372191397607, 'max_depth': 1, 'min_child_weight': 7.0, 'n_estimators': 203, 'subsample': 0.5392777697561677}",1.6468320721863696,1.923207457171342,0.8562945542071337,2.042090440565856,2.3536790811810633,0.8676163445108015
tmp2022_clean_clf_nflash230,0,el,10,XGB_ds2_tp0_k10_el,"{'colsample_bytree': 0.7640192441445777, 'learning_rate': 0.1040817265144271, 'max_depth': 3, 'min_child_weight': 6.0, 'n_estimators': 143, 'subsample': 0.7224439169432305}",1.848298435770592,1.923207457171342,0.9610499527123681,1.8956471646082484,2.3536790811810633,0.80539746466074
tmp2022_clean_clf_nflash230,0,el,20,XGB_ds2_tp0_k20_el,"{'colsample_bytree': 0.9211670202808093, 'learning_rate': 0.03958336629252599, 'max_depth': 2, 'min_child_weight': 1.0, 'n_estimators': 98, 'subsample': 0.551705438110435}",1.8047705246509873,1.923207457171342,0.9384169752052895,1.9408356753168585,2.3536790811810633,0.8245965606929547
tmp2022_clean_clf_nflash230,0,el,30,XGB_ds2_tp0_k30_el,"{'colsample_bytree': 0.933882557205865, 'learning_rate': 0.01154586585931524, 'max_depth': 2, 'min_child_weight': 6.0, 'n_estimators': 420, 'subsample': 0.9758930793838827}",1.7320763778742891,1.923207457171342,0.9006185845503277,1.9575881893799485,2.3536790811810633,0.8317141470270626
tmp2022_clean_clf_nflash230,0,el,40,XGB_ds2_tp0_k40_el,"{'colsample_bytree': 0.9214993227526259, 'learning_rate': 0.024362251863716416, 'max_depth': 1, 'min_child_weight': 2.0, 'n_estimators': 363, 'subsample': 0.9194052850754356}",1.7268247166681945,1.923207457171342,0.8978879060754124,1.9985154806902212,2.3536790811810633,0.8491027925894541
tmp2022_clean_clf_nflash230,0,el,50,XGB_ds2_tp0_k50_el,"{'colsample_bytree': 0.951342528923237, 'learning_rate': 0.029297527417978718, 'max_depth': 1, 'min_child_weight': 1.0, 'n_estimators': 365, 'subsample': 0.953929922199221}",1.7528906730392522,1.923207457171342,0.9114412834158868,2.0096477602917022,2.3536790811810633,0.8538325281300763
tmp2022_clean_clf_nflash230,1,az,2,XGB_ds2_tp1_k2_az,"{'colsample_bytree': 0.8308484753253162, 'learning_rate': 0.021861277935547742, 'max_depth': 1, 'min_child_weight': 5.0, 'n_estimators': 446, 'subsample': 0.8959714063096729}",3.3793591443216977,3.8288740975483426,0.8825986590902865,2.6474636164442695,2.6124335533393177,1.013408977640857
tmp2022_clean_clf_nflash230,1,az,5,XGB_ds2_tp1_k5_az,"{'colsample_bytree': 0.5665842754515169, 'learning_rate': 0.2729223026402218, 'max_depth': 1, 'min_child_weight': 5.0, 'n_estimators': 21, 'subsample': 0.7910568919840392}",3.558267500011315,3.8288740975483426,0.9293247595395473,2.765296782038549,2.6124335533393177,1.0585137288961226
tmp2022_clean_clf_nflash230,1,az,10,XGB_ds2_tp1_k10_az,"{'colsample_bytree': 0.9990837754901902, 'learning_rate': 0.029238360682692695, 'max_depth': 1, 'min_child_weight': 7.0, 'n_estimators': 182, 'subsample': 0.841433214572789}",3.539165155674282,3.8288740975483426,0.92433573565149,2.7731702424776046,2.6124335533393177,1.0615275703119136
tmp2022_clean_clf_nflash230,1,az,20,XGB_ds2_tp1_k20_az,"{'colsample_bytree': 0.6955592186281098, 'learning_rate': 0.028990291059963223, 'max_depth': 1, 'min_child_weight': 4.0, 'n_estimators': 190, 'subsample': 0.5645158598232738}",3.575140963418149,3.8288740975483426,0.9337316590554229,2.674236723914575,2.6124335533393177,1.0236573177129262
tmp2022_clean_clf_nflash230,1,az,30,XGB_ds2_tp1_k30_az,"{'colsample_bytree': 0.6476319664365147, 'learning_rate': 0.24024990567716448, 'max_depth': 4, 'min_child_weight': 2.0, 'n_estimators': 374, 'subsample': 0.9961263213755005}",3.8911069856241545,3.8288740975483426,1.0162535738941272,2.913009108920038,2.6124335533393177,1.1150557705846766
tmp2022_clean_clf_nflash230,1,az,40,XGB_ds2_tp1_k40_az,"{'colsample_bytree': 0.5686131754829293, 'learning_rate': 0.013007331994564454, 'max_depth': 4, 'min_child_weight': 7.0, 'n_estimators': 175, 'subsample': 0.9495693176524718}",3.578284810719833,3.8288740975483426,0.9345527482899049,2.7968195323068694,2.6124335533393177,1.0705801602999097
tmp2022_clean_clf_nflash230,1,az,50,XGB_ds2_tp1_k50_az,"{'colsample_bytree': 0.689716892127204, 'learning_rate': 0.023947758585218085, 'max_depth': 3, 'min_child_weight': 9.0, 'n_estimators': 196, 'subsample': 0.5037250249429464}",3.740703911551026,3.8288740975483426,0.9769722942695419,3.0859733299780694,2.6124335533393177,1.1812638549345893
tmp2022_clean_clf_nflash230,1,el,2,XGB_ds2_tp1_k2_el,"{'colsample_bytree': 0.9090138312216653, 'learning_rate': 0.12562964667286883, 'max_depth': 5, 'min_child_weight': 9.0, 'n_estimators': 22, 'subsample': 0.5110570123917679}",1.703964958835915,1.6786692257676747,1.0150689204757848,3.4646532964307166,3.4793679201931065,0.9957708916964513
tmp2022_clean_clf_nflash230,1,el,5,XGB_ds2_tp1_k5_el,"{'colsample_bytree': 0.5168806682034514, 'learning_rate': 0.00953669881815745, 'max_depth': 5, 'min_child_weight': 10.0, 'n_estimators': 103, 'subsample': 0.5094697456563619}",1.635940402398874,1.6786692257676747,0.9745460137632175,3.4606728166688496,3.4793679201931065,0.9946268678814457
tmp2022_clean_clf_nflash230,1,el,10,XGB_ds2_tp1_k10_el,"{'colsample_bytree': 0.6913646185596831, 'learning_rate': 0.007472014752812681, 'max_depth': 4, 'min_child_weight': 10.0, 'n_estimators': 78, 'subsample': 0.9152461514204248}",1.6577056069358385,1.6786692257676747,0.9875117631811893,3.456525230503527,3.4793679201931065,0.9934348162615951
tmp2022_clean_clf_nflash230,1,el,20,XGB_ds2_tp1_k20_el,"{'colsample_bytree': 0.8751216734817789, 'learning_rate': 0.013799291632211622, 'max_depth': 5, 'min_child_weight': 10.0, 'n_estimators': 68, 'subsample': 0.8536520106848307}",1.659575039599075,1.6786692257676747,0.9886254028634689,3.504006784122113,3.4793679201931065,1.0070814195262336
tmp2022_clean_clf_nflash230,1,el,30,XGB_ds2_tp1_k30_el,"{'colsample_bytree': 0.9978526477444657, 'learning_rate': 0.04066402420899511, 'max_depth': 5, 'min_child_weight': 4.0, 'n_estimators': 277, 'subsample': 0.8993336393919447}",1.425670251590834,1.6786692257676747,0.8492859877971841,4.154401751573165,3.4793679201931065,1.194010477438268
tmp2022_clean_clf_nflash230,1,el,40,XGB_ds2_tp1_k40_el,"{'colsample_bytree': 0.8537089172875025, 'learning_rate': 0.09267638728247211, 'max_depth': 3, 'min_child_weight': 10.0, 'n_estimators': 350, 'subsample': 0.9694805132731945}",1.3775683839752544,1.6786692257676747,0.8206312255145302,4.287384988904604,3.4793679201931065,1.2322309934577578
tmp2022_clean_clf_nflash230,1,el,50,XGB_ds2_tp1_k50_el,"{'colsample_bytree': 0.7634251895670908, 'learning_rate': 0.09102504196704582, 'max_depth': 4, 'min_child_weight': 10.0, 'n_estimators': 115, 'subsample': 0.8141956854309353}",1.3624719246664425,1.6786692257676747,0.81163811413971,4.192369115334071,3.4793679201931065,1.2049226214344682
tmp2022_clean_clf_nflash230,2,az,2,XGB_ds2_tp2_k2_az,"{'colsample_bytree': 0.5515668625491204, 'learning_rate': 0.006941640380794116, 'max_depth': 5, 'min_child_weight': 2.0, 'n_estimators': 21, 'subsample': 0.8774217019511328}",2.762069785793971,2.9190050840484996,0.9462367163688294,3.486527736310553,2.994575540718293,1.1642811105958135
tmp2022_clean_clf_nflash230,2,az,5,XGB_ds2_tp2_k5_az,"{'colsample_bytree': 0.6686957568383296, 'learning_rate': 0.010124722922616111, 'max_depth': 5, 'min_child_weight': 5.0, 'n_estimators': 20, 'subsample': 0.6916493263076096}",2.7952741560871854,2.9190050840484996,0.9576119518813218,3.681225328449781,2.994575540718293,1.2292978682270226
tmp2022_clean_clf_nflash230,2,az,10,XGB_ds2_tp2_k10_az,"{'colsample_bytree': 0.8598840000777759, 'learning_rate': 0.006973856044090862, 'max_depth': 4, 'min_child_weight': 5.0, 'n_estimators': 20, 'subsample': 0.5345285478528613}",2.772002566722103,2.9190050840484996,0.9496395130896751,3.5416332614706505,2.994575540718293,1.1826828922208914
tmp2022_clean_clf_nflash230,2,az,20,XGB_ds2_tp2_k20_az,"{'colsample_bytree': 0.7016343477644594, 'learning_rate': 0.006784232769295299, 'max_depth': 5, 'min_child_weight': 3.0, 'n_estimators': 29, 'subsample': 0.5615932505818901}",2.778575962849049,2.9190050840484996,0.9518914434350065,3.7031288578517287,2.994575540718293,1.2366122702529918
tmp2022_clean_clf_nflash230,2,az,30,XGB_ds2_tp2_k30_az,"{'colsample_bytree': 0.9973338164104902, 'learning_rate': 0.010489110725234674, 'max_depth': 4, 'min_child_weight': 4.0, 'n_estimators': 35, 'subsample': 0.9885885339742363}",2.3405639550028403,2.9190050840484996,0.8018362036412101,3.37844439907488,2.994575540718293,1.1281880697738251
tmp2022_clean_clf_nflash230,2,az,40,XGB_ds2_tp2_k40_az,"{'colsample_bytree': 0.969942120576756, 'learning_rate': 0.012318628627783879, 'max_depth': 5, 'min_child_weight': 5.0, 'n_estimators': 27, 'subsample': 0.9312074591345879}",2.345567127567151,2.9190050840484996,0.803550202904744,3.3867157658233475,2.994575540718293,1.1309501863529527
tmp2022_clean_clf_nflash230,2,az,50,XGB_ds2_tp2_k50_az,"{'colsample_bytree': 0.9866232486775356, 'learning_rate': 0.007290082129100393, 'max_depth': 3, 'min_child_weight': 4.0, 'n_estimators': 42, 'subsample': 0.9989624021932886}",2.3331560763630415,2.9190050840484996,0.7992983942073448,3.333391817357392,2.994575540718293,1.1131433393588157
tmp2022_clean_clf_nflash230,2,el,2,XGB_ds2_tp2_k2_el,"{'colsample_bytree': 0.5130375780707622, 'learning_rate': 0.012587749106029453, 'max_depth': 5, 'min_child_weight': 9.0, 'n_estimators': 28, 'subsample': 0.8339648688673289}",2.168679476485851,2.5710024914674476,0.8435151205349617,3.106453152520886,2.8725644382123363,1.081421572723397
tmp2022_clean_clf_nflash230,2,el,5,XGB_ds2_tp2_k5_el,"{'colsample_bytree': 0.655419721771284, 'learning_rate': 0.011476965951372549, 'max_depth': 3, 'min_child_weight': 9.0, 'n_estimators': 51, 'subsample': 0.7708539975144607}",2.1730037703709253,2.5710024914674476,0.8451970690742672,3.0289366907409843,2.8725644382123363,1.0544364646615072
tmp2022_clean_clf_nflash230,2,el,10,XGB_ds2_tp2_k10_el,"{'colsample_bytree': 0.9224014212452692, 'learning_rate': 0.010246918228588073, 'max_depth': 5, 'min_child_weight': 8.0, 'n_estimators': 30, 'subsample': 0.773772377867174}",2.162751069085736,2.5710024914674476,0.8412092466901132,3.1182552760739393,2.8725644382123363,1.085530139757109
tmp2022_clean_clf_nflash230,2,el,20,XGB_ds2_tp2_k20_el,"{'colsample_bytree': 0.9738008242870217, 'learning_rate': 0.009191220438519346, 'max_depth': 4, 'min_child_weight': 9.0, 'n_estimators': 34, 'subsample': 0.7756659749303192}",2.1826694512030005,2.5710024914674476,0.8489565678939507,3.12271756937073,2.8725644382123363,1.0870835577544327
tmp2022_clean_clf_nflash230,2,el,30,XGB_ds2_tp2_k30_el,"{'colsample_bytree': 0.9418503604979398, 'learning_rate': 0.01130488377308391, 'max_depth': 1, 'min_child_weight': 7.0, 'n_estimators': 22, 'subsample': 0.892614547817308}",2.1726743314794286,2.5710024914674476,0.8450689327178886,3.0847808496366693,2.8725644382123363,1.0738769890072162
tmp2022_clean_clf_nflash230,2,el,40,XGB_ds2_tp2_k40_el,"{'colsample_bytree': 0.962147052971727, 'learning_rate': 0.007916453342664033, 'max_depth': 2, 'min_child_weight': 10.0, 'n_estimators': 31, 'subsample': 0.950532333768415}",2.1690015457826064,2.5710024914674476,0.843640390462869,3.065447387402942,2.8725644382123363,1.0671466048332205
tmp2022_clean_clf_nflash230,2,el,50,XGB_ds2_tp2_k50_el,"{'colsample_bytree': 0.7241700074733008, 'learning_rate': 0.007446124453089646, 'max_depth': 3, 'min_child_weight': 10.0, 'n_estimators': 30, 'subsample': 0.9598019061566082}",2.2564302498017414,2.5710024914674476,0.8776460766919918,3.0689424909929484,2.8725644382123363,1.068363323784243
tmp2022_clean_clf_nflash230,3,az,2,XGB_ds2_tp3_k2_az,"{'colsample_bytree': 0.5535419094883653, 'learning_rate': 0.06770746150448322, 'max_depth': 3, 'min_child_weight': 9.0, 'n_estimators': 21, 'subsample': 0.7895044328738005}",3.3238595638599917,3.336188791526111,0.9963043974917022,2.827429475756167,2.904933443037551,0.9733198819177276
tmp2022_clean_clf_nflash230,3,az,5,XGB_ds2_tp3_k5_az,"{'colsample_bytree': 0.8783987681191462, 'learning_rate': 0.7543818117062843, 'max_depth': 5, 'min_child_weight': 5.0, 'n_estimators': 240, 'subsample': 0.5587823250110691}",4.338530826507469,3.336188791526111,1.3004452378496378,4.228723477796716,2.904933443037551,1.455704084350704
tmp2022_clean_clf_nflash230,3,az,10,XGB_ds2_tp3_k10_az,"{'colsample_bytree': 0.5952992599904837, 'learning_rate': 0.012543887018510851, 'max_depth': 1, 'min_child_weight': 1.0, 'n_estimators': 104, 'subsample': 0.5432115172266526}",3.380275133167312,3.336188791526111,1.0132145823860987,2.8519927529931306,2.904933443037551,0.9817755927691538
tmp2022_clean_clf_nflash230,3,az,20,XGB_ds2_tp3_k20_az,"{'colsample_bytree': 0.7471739021334562, 'learning_rate': 0.0218258119428596, 'max_depth': 4, 'min_child_weight': 1.0, 'n_estimators': 255, 'subsample': 0.5204286461200076}",3.181891643903843,3.336188791526111,0.9537504747890224,2.3262379204847403,2.904933443037551,0.8007887155074727
tmp2022_clean_clf_nflash230,3,az,30,XGB_ds2_tp3_k30_az,"{'colsample_bytree': 0.8093152426180721, 'learning_rate': 0.2328800089642284, 'max_depth': 5, 'min_child_weight': 1.0, 'n_estimators': 150, 'subsample': 0.5228580746663355}",3.3999647967275273,3.336188791526111,1.0191164257140983,2.6596724109645025,2.904933443037551,0.9155708600963365
tmp2022_clean_clf_nflash230,3,az,40,XGB_ds2_tp3_k40_az,"{'colsample_bytree': 0.635093064845022, 'learning_rate': 0.009413405628706803, 'max_depth': 5, 'min_child_weight': 1.0, 'n_estimators': 459, 'subsample': 0.6866588218355932}",3.194322987273484,3.336188791526111,0.9574766857879972,2.3095942984138813,2.904933443037551,0.7950592823217486
tmp2022_clean_clf_nflash230,3,az,50,XGB_ds2_tp3_k50_az,"{'colsample_bytree': 0.6026986401220181, 'learning_rate': 0.33362410292036915, 'max_depth': 5, 'min_child_weight': 1.0, 'n_estimators': 173, 'subsample': 0.618454727377461}",3.6411869603220035,3.336188791526111,1.0914211358693444,2.7421721508533317,2.904933443037551,0.9439707327634923
tmp2022_clean_clf_nflash230,3,el,2,XGB_ds2_tp3_k2_el,"{'colsample_bytree': 0.9281162257826379, 'learning_rate': 0.028806623318628818, 'max_depth': 3, 'min_child_weight': 1.0, 'n_estimators': 153, 'subsample': 0.9469328829204586}",1.9231224718170687,2.2202079319108834,0.8661902537037962,2.277089549557787,2.7679874330634635,0.8226516935583135
tmp2022_clean_clf_nflash230,3,el,5,XGB_ds2_tp3_k5_el,"{'colsample_bytree': 0.8636122796444838, 'learning_rate': 0.008459625857491044, 'max_depth': 1, 'min_child_weight': 3.0, 'n_estimators': 341, 'subsample': 0.978672505193592}",1.9607154929670838,2.2202079319108834,0.8831224610928851,2.406274052223047,2.7679874330634635,0.8693226072778477
tmp2022_clean_clf_nflash230,3,el,10,XGB_ds2_tp3_k10_el,"{'colsample_bytree': 0.5671142118244896, 'learning_rate': 0.049208906951871925, 'max_depth': 1, 'min_child_weight': 9.0, 'n_estimators': 276, 'subsample': 0.9568122867720001}",1.8254837199023026,2.2202079319108834,0.8222129529692966,2.315355239485995,2.7679874330634635,0.8364760662672088
tmp2022_clean_clf_nflash230,3,el,20,XGB_ds2_tp3_k20_el,"{'colsample_bytree': 0.7470452114549362, 'learning_rate': 0.013633535623167405, 'max_depth': 3, 'min_child_weight': 6.0, 'n_estimators': 182, 'subsample': 0.9855892692619213}",1.8576616028607547,2.2202079319108834,0.8367061373670108,2.3148178613617487,2.7679874330634635,0.8362819258900426
tmp2022_clean_clf_nflash230,3,el,30,XGB_ds2_tp3_k30_el,"{'colsample_bytree': 0.9615223290859491, 'learning_rate': 0.013800869442656946, 'max_depth': 3, 'min_child_weight': 3.0, 'n_estimators': 226, 'subsample': 0.6657350217894348}",1.8611951567448632,2.2202079319108834,0.8382976792371758,2.264337706443155,2.7679874330634635,0.8180447929046789
tmp2022_clean_clf_nflash230,3,el,40,XGB_ds2_tp3_k40_el,"{'colsample_bytree': 0.9664579332915352, 'learning_rate': 0.0642348630176962, 'max_depth': 3, 'min_child_weight': 4.0, 'n_estimators': 41, 'subsample': 0.9972474356994954}",1.8567730394732664,2.2202079319108834,0.8363059210743308,2.393718692616651,2.7679874330634635,0.8647866908728731
tmp2022_clean_clf_nflash230,3,el,50,XGB_ds2_tp3_k50_el,"{'colsample_bytree': 0.7199078892002504, 'learning_rate': 0.010401531319347474, 'max_depth': 2, 'min_child_weight': 8.0, 'n_estimators': 435, 'subsample': 0.7214686879735375}",1.910452644079051,2.2202079319108834,0.8604836585890255,2.3147457458075875,2.7679874330634635,0.8362558724646189
tmp2022_clean_clf_nflash230,4,az,2,XGB_ds2_tp4_k2_az,"{'colsample_bytree': 0.6082518099935853, 'learning_rate': 0.08998972324046425, 'max_depth': 3, 'min_child_weight': 6.0, 'n_estimators': 63, 'subsample': 0.5182005387673814}",2.412149010623616,2.6411945657785343,0.9132795598920963,2.999593752609449,2.9577749268255427,1.0141386098734662
tmp2022_clean_clf_nflash230,4,az,5,XGB_ds2_tp4_k5_az,"{'colsample_bytree': 0.614260811123695, 'learning_rate': 0.11456869279547559, 'max_depth': 1, 'min_child_weight': 9.0, 'n_estimators': 39, 'subsample': 0.6535092801782645}",2.446896821357624,2.6411945657785343,0.9264356564493998,2.861669473701692,2.9577749268255427,0.967507516460356
tmp2022_clean_clf_nflash230,4,az,10,XGB_ds2_tp4_k10_az,"{'colsample_bytree': 0.8868117007136072, 'learning_rate': 0.03307159901220794, 'max_depth': 2, 'min_child_weight': 3.0, 'n_estimators': 89, 'subsample': 0.7984183876254995}",2.3467614657075946,2.6411945657785343,0.8885227525885997,3.064556184975301,2.9577749268255427,1.0361018876660646
tmp2022_clean_clf_nflash230,4,az,20,XGB_ds2_tp4_k20_az,"{'colsample_bytree': 0.8929358077334204, 'learning_rate': 0.007791149782266563, 'max_depth': 2, 'min_child_weight': 3.0, 'n_estimators': 341, 'subsample': 0.9651636275516492}",2.328434787635627,2.6411945657785343,0.8815839687862161,3.0285219494954374,2.9577749268255427,1.0239190014183481
tmp2022_clean_clf_nflash230,4,az,30,XGB_ds2_tp4_k30_az,"{'colsample_bytree': 0.8174642187999509, 'learning_rate': 0.01224863179571504, 'max_depth': 4, 'min_child_weight': 1.0, 'n_estimators': 209, 'subsample': 0.7849182595676291}",2.379186587456043,2.6411945657785343,0.9007994406329319,3.3188725483539803,2.9577749268255427,1.1220842121060202
tmp2022_clean_clf_nflash230,4,az,40,XGB_ds2_tp4_k40_az,"{'colsample_bytree': 0.9790917533817654, 'learning_rate': 0.015382404264415355, 'max_depth': 3, 'min_child_weight': 1.0, 'n_estimators': 128, 'subsample': 0.810760492343625}",2.3409968697962458,2.6411945657785343,0.8863401811165698,3.647359117616797,2.9577749268255427,1.233142888776651
tmp2022_clean_clf_nflash230,4,az,50,XGB_ds2_tp4_k50_az,"{'colsample_bytree': 0.977462314310656, 'learning_rate': 0.010722000906841719, 'max_depth': 2, 'min_child_weight': 1.0, 'n_estimators': 268, 'subsample': 0.8654507266353558}",2.3224482180120622,2.6411945657785343,0.8793173543909225,3.05666880316896,2.9577749268255427,1.0334352270845557
tmp2022_clean_clf_nflash230,4,el,2,XGB_ds2_tp4_k2_el,"{'colsample_bytree': 0.6916418210238616, 'learning_rate': 0.1571369468573067, 'max_depth': 1, 'min_child_weight': 2.0, 'n_estimators': 403, 'subsample': 0.8296030995782395}",2.071648946075035,2.7386985793086804,0.7564355426795356,2.514930727646753,2.199891580401956,1.1432066698428995
tmp2022_clean_clf_nflash230,4,el,5,XGB_ds2_tp4_k5_el,"{'colsample_bytree': 0.9032108689853939, 'learning_rate': 0.06465137307999103, 'max_depth': 2, 'min_child_weight': 9.0, 'n_estimators': 339, 'subsample': 0.5390961710951765}",2.2754257812951013,2.7386985793086804,0.8308419913335182,2.278933445620344,2.199891580401956,1.0359298912376154
tmp2022_clean_clf_nflash230,4,el,10,XGB_ds2_tp4_k10_el,"{'colsample_bytree': 0.8037620792834248, 'learning_rate': 0.06947747781869568, 'max_depth': 2, 'min_child_weight': 10.0, 'n_estimators': 96, 'subsample': 0.6147161025056407}",2.2656117492602825,2.7386985793086804,0.8272585257747431,2.21866181491372,2.199891580401956,1.0085323452660038
tmp2022_clean_clf_nflash230,4,el,20,XGB_ds2_tp4_k20_el,"{'colsample_bytree': 0.5401561612665462, 'learning_rate': 0.08048899559295185, 'max_depth': 2, 'min_child_weight': 8.0, 'n_estimators': 250, 'subsample': 0.5399311275471921}",2.133716989378099,2.7386985793086804,0.7790988776562281,2.254885079923381,2.199891580401956,1.0249982771929955
tmp2022_clean_clf_nflash230,4,el,30,XGB_ds2_tp4_k30_el,"{'colsample_bytree': 0.9816674103625207, 'learning_rate': 0.26397676495721617, 'max_depth': 3, 'min_child_weight': 2.0, 'n_estimators': 114, 'subsample': 0.6980005445456121}",2.0506785574228656,2.7386985793086804,0.7487784792806629,2.4411925186906798,2.199891580401956,1.109687650263489
tmp2022_clean_clf_nflash230,4,el,40,XGB_ds2_tp4_k40_el,"{'colsample_bytree': 0.9919025923287624, 'learning_rate': 0.039548317243786824, 'max_depth': 2, 'min_child_weight': 6.0, 'n_estimators': 249, 'subsample': 0.5002961423437156}",2.146233275376989,2.7386985793086804,0.7836690359399663,2.2149326339405806,2.199891580401956,1.0068371794649427
tmp2022_clean_clf_nflash230,4,el,50,XGB_ds2_tp4_k50_el,"{'colsample_bytree': 0.8861483257890995, 'learning_rate': 0.048693461393778344, 'max_depth': 4, 'min_child_weight': 10.0, 'n_estimators': 500, 'subsample': 0.5675994124263416}",2.2031697909083503,2.7386985793086804,0.8044586606038582,2.293008925441918,2.199891580401956,1.0423281519278091
tmp2022_clean_clf_nflash230,5,az,2,XGB_ds2_tp5_k2_az,"{'colsample_bytree': 0.9244574145068943, 'learning_rate': 0.1296410955027475, 'max_depth': 1, 'min_child_weight': 5.0, 'n_estimators': 55, 'subsample': 0.553292538239882}",3.422727007002164,3.566030954714787,0.9598141604679131,3.4265708330090736,3.431972483830442,0.9984260797990607
tmp2022_clean_clf_nflash230,5,az,5,XGB_ds2_tp5_k5_az,"{'colsample_bytree': 0.964939721919718, 'learning_rate': 0.1222234405068706, 'max_depth': 1, 'min_child_weight': 5.0, 'n_estimators': 173, 'subsample': 0.8003865384227284}",2.762840163196228,3.566030954714787,0.7747661751346747,3.1629897562748455,3.431972483830442,0.9216244510051015
tmp2022_clean_clf_nflash230,5,az,10,XGB_ds2_tp5_k10_az,"{'colsample_bytree': 0.8388203244163518, 'learning_rate': 0.03762871870657607, 'max_depth': 1, 'min_child_weight': 4.0, 'n_estimators': 426, 'subsample': 0.748699617860838}",2.8248627155442487,3.566030954714787,0.7921587757978906,3.0774136875869558,3.431972483830442,0.896689499139643
tmp2022_clean_clf_nflash230,5,az,20,XGB_ds2_tp5_k20_az,"{'colsample_bytree': 0.7909859850027043, 'learning_rate': 0.0851729551513872, 'max_depth': 4, 'min_child_weight': 6.0, 'n_estimators': 106, 'subsample': 0.621926279567377}",3.1656103408167793,3.566030954714787,0.88771252437711,2.956664443696576,3.431972483830442,0.8615058709318753
tmp2022_clean_clf_nflash230,5,az,30,XGB_ds2_tp5_k30_az,"{'colsample_bytree': 0.7284262810063721, 'learning_rate': 0.1404415843216794, 'max_depth': 1, 'min_child_weight': 2.0, 'n_estimators': 279, 'subsample': 0.5047348446358492}",3.0969041925444087,3.566030954714787,0.8684456842557332,3.0503216012259533,3.431972483830442,0.8887954712916212
tmp2022_clean_clf_nflash230,5,az,40,XGB_ds2_tp5_k40_az,"{'colsample_bytree': 0.9890995534495363, 'learning_rate': 0.0909003118843484, 'max_depth': 5, 'min_child_weight': 7.0, 'n_estimators': 262, 'subsample': 0.8590251517924803}",2.9358676827854544,3.566030954714787,0.8232872120484066,2.9363543225623783,3.431972483830442,0.8555879560214592
tmp2022_clean_clf_nflash230,5,az,50,XGB_ds2_tp5_k50_az,"{'colsample_bytree': 0.7494428298017638, 'learning_rate': 0.09059531459301026, 'max_depth': 1, 'min_child_weight': 1.0, 'n_estimators': 167, 'subsample': 0.508999982234282}",2.9145586180458753,3.566030954714787,0.8173116428483116,2.7584318617000427,3.431972483830442,0.8037453314955902
tmp2022_clean_clf_nflash230,5,el,2,XGB_ds2_tp5_k2_el,"{'colsample_bytree': 0.9871214410381792, 'learning_rate': 0.038198179787292265, 'max_depth': 3, 'min_child_weight': 6.0, 'n_estimators': 78, 'subsample': 0.8102445337246426}",2.4489150079633384,2.8295577694707164,0.8654762360343754,2.5088656636842894,2.7197287787352606,0.9224690650407326
tmp2022_clean_clf_nflash230,5,el,5,XGB_ds2_tp5_k5_el,"{'colsample_bytree': 0.6938373956968807, 'learning_rate': 0.06909841307860656, 'max_depth': 4, 'min_child_weight': 7.0, 'n_estimators': 58, 'subsample': 0.9797760672997696}",2.2927990617276395,2.8295577694707164,0.8103029690595501,2.5385343043479085,2.7197287787352606,0.9333777412644757
tmp2022_clean_clf_nflash230,5,el,10,XGB_ds2_tp5_k10_el,"{'colsample_bytree': 0.7686371335277725, 'learning_rate': 0.044950332145856614, 'max_depth': 3, 'min_child_weight': 8.0, 'n_estimators': 50, 'subsample': 0.9861503379705745}",2.2625191865175185,2.8295577694707164,0.7996016942749095,2.4387429442294124,2.7197287787352606,0.8966860825598524
tmp2022_clean_clf_nflash230,5,el,20,XGB_ds2_tp5_k20_el,"{'colsample_bytree': 0.8962527916852132, 'learning_rate': 0.1461895082821441, 'max_depth': 4, 'min_child_weight': 7.0, 'n_estimators': 273, 'subsample': 0.9992133152400242}",2.268435283402003,2.8295577694707164,0.8016925145961327,2.7830372628259954,2.7197287787352606,1.0232774990600992
tmp2022_clean_clf_nflash230,5,el,30,XGB_ds2_tp5_k30_el,"{'colsample_bytree': 0.6652972912006904, 'learning_rate': 0.025205340857029683, 'max_depth': 3, 'min_child_weight': 6.0, 'n_estimators': 110, 'subsample': 0.6058632561475975}",2.3422126484572234,2.8295577694707164,0.827766329328327,2.473909304686049,2.7197287787352606,0.9096161808592093
tmp2022_clean_clf_nflash230,5,el,40,XGB_ds2_tp5_k40_el,"{'colsample_bytree': 0.6220739363198613, 'learning_rate': 0.02917627094438227, 'max_depth': 1, 'min_child_weight': 6.0, 'n_estimators': 347, 'subsample': 0.9102061949380993}",2.3179074957165344,2.8295577694707164,0.8191765938569656,2.491155899509773,2.7197287787352606,0.9159574730345797
tmp2022_clean_clf_nflash230,5,el,50,XGB_ds2_tp5_k50_el,"{'colsample_bytree': 0.9914542035391218, 'learning_rate': 0.006914014453436157, 'max_depth': 5, 'min_child_weight': 2.0, 'n_estimators': 393, 'subsample': 0.8991815252513666}",2.2124622573445976,2.8295577694707164,0.7819109689916139,2.493300270389705,2.7197287787352606,0.9167459233009071
